,Region,form,location,price,size,layouts,detail,href
0,新安,整租 ,裕安花园距5号线灵芝地铁站步行374m,3000,52,2室1厅1卫, 裕安花园 2室1厅1卫,https://short.58.com/zd_p/1e5d1f2f-2041-451a-9320-96a922068ea9/?target=fh-16-xgk_hvimob_57546033778154q-feykn&end=end&shangquan=xinanlu&shangquanId=1842&dataSource=1
1,民治,单间 ,华业玫瑰四季一期,3000,15,其他(5室), 华业玫瑰四季一期 5室1厅1卫 其他 南,https://short.58.com/zd_p/05c79038-5e0d-43dc-a6c3-5822fb219835/?target=fh-16-xgk_ephv_57849093916375q-feykn&end=end&shangquan=minzhi&shangquanId=6145&dataSource=1
2,桃源居,整租 ,钟屋新村,1000,25,1室0厅1卫, 钟屋新村 1室 0厅1卫,https://short.58.com/zd_p/308bce84-3dc3-4122-b277-e062d36fe88f/?target=fh-16-xgk_hvimob_57897313916504q-feykn&end=end&shangquan=taoyuanju&shangquanId=6152&dataSource=1
3,西丽,单间 ,留仙茗苑,1000,15,次卧(5室), 留仙茗苑 5室1厅1卫 次卧 朝南北,https://short.58.com/zd_p/aa02d6b0-47ff-47b0-a2d4-68c3bd53ba11/?target=fh-16-xgk_ephv_57894793464369q-feykn&end=end&shangquan=xililu&shangquanId=1841&dataSource=1
4,西乡,整租 ,上围园新村距1号线固戍地铁站步行1024m,1100,25,1室0厅1卫, 上围园新村 1室0厅1卫,https://short.58.com/zd_p/dc2e986f-9f92-49c6-9a64-ef97a70db538/?target=fh-16-xgk_hvimob_57823642592044q-feykn&end=end&shangquan=xixiangsz&shangquanId=6151&dataSource=1
5,民治,整租 ,西头新村距4号线龙胜地铁站步行898m,1180,26,1室0厅1卫, 西头新村 1室0厅1卫,https://short.58.com/zd_p/9488f3e5-6b7b-48af-8c4f-9a509daba314/?target=fh-16-xgk_hvimob_54228456633967q-feykn&end=end&shangquan=minzhi&shangquanId=6145&dataSource=1
6,石岩,整租 ,荔湖花园,1600,35,1室1厅1卫, 荔湖花园 1室1厅1卫,https://short.58.com/zd_p/642df96f-21d4-47ea-a6ab-901f0464af48/?target=fh-16-xgk_hvimob_57807146949012q-feykn&end=end&shangquan=shiyansz&shangquanId=6156&dataSource=1
7,大冲,单间 ,大冲新城花园,680,60,次卧(2室), 大冲新城花园 2室1厅1卫 次卧 南,https://short.58.com/zd_p/293f8957-8e29-4f0e-a869-cbafc345fca6/?target=fh-16-xgk_ephv_57536692036472q-feykn&end=end&shangquan=dachong&shangquanId=6102&dataSource=1
8,西乡,整租 ,径贝新村距1号线坪洲地铁站步行920m,1800,39,1室1厅1卫, 径贝新村 1室 1厅1卫,https://short.58.com/zd_p/838e5b2b-10e0-4a3d-896b-aed8d037e7bb/?target=fh-16-xgk_hvimob_57300034477907q-feykn&end=end&shangquan=xixiangsz&shangquanId=6151&dataSource=1
9,木棉湾,整租 ,大世纪花园距3号线木棉湾地铁站步行1136m,1200,30,1室1厅1卫, 大世纪花园 1室1厅1卫,https://short.58.com/zd_p/f50153e7-b473-4ff5-a892-b06a00bc404a/?target=fh-16-xgk_hvimob_57819705596092q-feykn&end=end&shangquan=szmmw&shangquanId=18313&dataSource=1
10,大运,整租 ,爱联A区距3号线爱联地铁站步行761m,850,25,1室0厅1卫, 爱联A区 1室0厅1卫,https://short.58.com/zd_p/55ba7ae6-79ad-4866-9389-b5e1dfe2bd1d/?target=fh-16-xgk_hvimob_57545020051673q-feykn&end=end&shangquan=dayunxc&shangquanId=14731&dataSource=1
11,西乡,整租 ,固戍红湾新村距1号线固戍地铁站步行868m,1000,28,1室0厅1卫, 固戍红湾新村 1室 0厅1卫,https://short.58.com/zd_p/731faaa7-1dc8-4e96-802c-c32b6f800c8c/?target=fh-16-xgk_hvimob_57813445353617q-feykn&end=end&shangquan=xixiangsz&shangquanId=6151&dataSource=1
12,农科中心,整租 ,下沙四坊距9号线下沙地铁站步行826m,1380,22,1室0厅1卫, 下沙四坊 1室0厅1卫,https://sz.58.com/zufang/41352686133646x.shtml?houseId=1371102140947462&shangquan=nkzxsz&shangquanId=116834&dataSource=0
13,坂田,整租 ,富豪花园距5号线坂田地铁站步行237m,1480,19,1室0厅1卫, 富豪花园 1室0厅1卫,https://sz.58.com/zufang/41375644018080x.shtml?houseId=1374040750136335&shangquan=bantianq&shangquanId=2688&dataSource=0
14,上沙,单间 ,金地花园(北区),2200,29,主卧(1室), 金地花园(北区) 1室0厅1卫 主卧 南,https://sz.58.com/hezu/40686976329359x.shtml?houseId=1285891286130697&shangquan=shangsha&shangquanId=6089&dataSource=0
15,沙井,整租 ,荣泰园距11号线沙井地铁站步行904m,2500,50,2室1厅1卫, 荣泰园 2室1厅1卫,https://sz.58.com/zufang/40840520200228x.shtml?houseId=1305544901565455&shangquan=shajing&shangquanId=1846&dataSource=0
16,龙华中心区,整租 ,双桥花园距4号线龙华地铁站步行1140m,800,18,1室0厅1卫, 双桥花园 1室0厅1卫,https://sz.58.com/zufang/41414440248231x.shtml?houseId=1379006667758604&shangquan=szlhzxq&shangquanId=18231&dataSource=0
17,西乡,整租 ,上围园新村距1号线固戍地铁站步行1024m,1000,28,1室0厅1卫, 上围园新村 1室 0厅1卫,https://sz.58.com/zufang/41270393303937x.shtml?houseId=1360568658977805&shangquan=xixiangsz&shangquanId=6151&dataSource=0
18,新安,整租 ,中粮创芯公园距5号线兴东地铁站步行624m,4500,45,1室1厅1卫, 中粮创芯公园 1室1厅1卫,https://sz.58.com/zufang/41308636968583x.shtml?houseId=1365463848231946&shangquan=xinanlu&shangquanId=1842&dataSource=0
19,南联,整租 ,盛平村,600,18,1室0厅1卫, 盛平村 1室0厅1卫,https://sz.58.com/zufang/40144861680404x.shtml?houseId=1216500610669568&shangquan=nls&shangquanId=119292&dataSource=0
20,南山地铁口,整租 ,荟芳园距1号线桃园地铁站步行942m,11500,120,3室2厅2卫, 荟芳园 3室2厅2卫,https://sz.58.com/zufang/41297356215558x.shtml?houseId=1364019911500806&shangquan=haiwangdasha&shangquanId=6108&dataSource=0
21,民治,整租 ,西头新村距4号线龙胜地铁站步行898m,1200,25,1室0厅1卫, 西头新村 1室0厅1卫,https://short.58.com/zd_p/adaac90b-f0cc-4f78-8656-b2997efcc750/?target=fh-16-xgk_hvimob_57576071165242q-feykn&end=end&shangquan=minzhi&shangquanId=6145&dataSource=1
22,坪洲,整租 ,马鞍山小区距1号线坪洲地铁站步行1213m,2100,35,1室1厅1卫, 马鞍山小区 1室1厅1卫,https://sz.58.com/zufang/41435421175196x.shtml?houseId=1381692226495492&shangquan=pzsz&shangquanId=118576&dataSource=0
23,桥头,整租 ,桥头村距11号线桥头地铁站步行854m,1200,50,1室1厅1卫, 桥头村 1室1厅1卫,https://sz.58.com/zufang/41348260316037x.shtml?houseId=1370535636459533&shangquan=qiaots&shangquanId=118580&dataSource=0
24,大冲,单间 ,大冲新城花园,3200,10,次卧(2室), 大冲新城花园 2室1厅1卫 次卧 北,https://sz.58.com/hezu/41407864833064x.shtml?houseId=1378165014667264&shangquan=dachong&shangquanId=6102&dataSource=0
25,清湖,单间 ,清湖社区新村,1280,30,主卧(1室), 清湖社区新村 1室0厅0卫 主卧 南北,https://sz.58.com/hezu/41051903868804x.shtml?houseId=1332602010674179&shangquan=qhsz&shangquanId=116836&dataSource=0
26,景田北,单间 ,景洲大厦,2180,15,次卧(3室), 景洲大厦 3室2厅2卫 次卧 南,https://sz.58.com/hezu/41407055551107x.shtml?houseId=1378061426515969&shangquan=jingtian&shangquanId=2671&dataSource=0
27,南联,整租 ,宝龙小区距3号线龙城广场地铁站步行797m,1000,38,1室1厅1卫, 宝龙小区 1室1厅1卫,https://sz.58.com/zufang/41293197506594x.shtml?houseId=1363487596389379&shangquan=nls&shangquanId=119292&dataSource=0
28,木棉湾,整租 ,文雅豪庭距3号线木棉湾地铁站步行1174m,1200,35,1室1厅1卫, 文雅豪庭 1室1厅1卫,https://sz.58.com/zufang/41356137658918x.shtml?houseId=1371543936179203&shangquan=szmmw&shangquanId=18313&dataSource=0
29,前海,单间 ,国兴苑,1800,15,主卧(1室), 国兴苑 1室0厅1卫 主卧 南,https://sz.58.com/hezu/41139063536777x.shtml?houseId=1343758448663554&shangquan=qianhai&shangquanId=2685&dataSource=0
30,美丽365花园,单间 ,美丽365花园,1650,13,主卧(4室), 美丽365花园 4室1厅1卫 主卧 西,https://sz.58.com/hezu/41414103216783x.shtml?houseId=1378963527752711&shangquan=meilihy&shangquanId=14559&dataSource=0
31,横岗,整租 ,马五村距3号线横岗地铁站步行1142m,1300,40,2室1厅1卫, 马五村 2室1厅1卫,https://sz.58.com/zufang/41364512395421x.shtml?houseId=1372615902568452&shangquan=henggang&shangquanId=1856&dataSource=0
32,固戍,整租 ,塘西花园距1号线固戍地铁站步行1000m,1380,20,1室0厅1卫, 塘西花园 1室0厅1卫,https://sz.58.com/zufang/39029343321499x.shtml?houseId=1073714261860353&shangquan=gss&shangquanId=117722&dataSource=0
33,横岗,整租 ,横岗深竹小区距3号线六约地铁站步行669m,1200,25,1室0厅1卫, 横岗深竹小区 1室0厅1卫,https://sz.58.com/zufang/41315924010882x.shtml?houseId=1366396589384716&shangquan=henggang&shangquanId=1856&dataSource=0
34,沙头角,整租 ,东埔福苑,2200,27,1室0厅1卫, 东埔福苑 1室0厅1卫,https://sz.58.com/zufang/41324945454483x.shtml?houseId=1367551334210563&shangquan=shatoujiao&shangquanId=1865&dataSource=0
35,流塘,整租 ,臣田综合楼,3000,110,3室2厅1卫, 臣田综合楼 3室2厅1卫,https://sz.58.com/zufang/39833231675139x.shtml?houseId=1176611970882560&shangquan=ltszs&shangquanId=118585&dataSource=0
36,上沙,整租 ,鸿景湾名苑距9号线下沙地铁站步行1183m,9000,82,2室2厅1卫, 鸿景湾名苑 2室2厅1卫,https://sz.58.com/zufang/41297988813220x.shtml?houseId=1364100884029449&shangquan=shangsha&shangquanId=6089&dataSource=0
37,宝安中心区,单间 ,宝安九区商住楼,1100,20,主卧(4室), 宝安九区商住楼 4室1厅1卫 主卧 南,https://sz.58.com/hezu/41430391242141x.shtml?houseId=1381048395014159&shangquan=baoanzhongxinquba&shangquanId=6150&dataSource=0
38,桃源村,整租 ,西丽新屋村距7号线珠光地铁站步行890m,2250,22,1室0厅1卫, 西丽新屋村 1室0厅1卫,https://sz.58.com/zufang/41430890937374x.shtml?houseId=1381112356019200&shangquan=taoyuancun&shangquanId=6111&dataSource=0
39,西乡,整租 ,上围园新村距1号线固戍地铁站步行1024m,1050,30,1室0厅1卫, 上围园新村 1室0厅1卫,https://sz.58.com/zufang/41331740233376x.shtml?houseId=1368421065793550&shangquan=xixiangsz&shangquanId=6151&dataSource=0
40,美丽365花园,整租 ,富联一区距4号线清湖地铁站步行503m,1500,26,1室0厅1卫, 富联一区 1室0厅1卫,https://short.58.com/zd_p/48efa6ee-dfe4-457a-8eda-d5700703f05a/?target=fh-16-xgk_hvimob_57823048904110q-feykn&end=end&shangquan=meilihy&shangquanId=14559&dataSource=1
41,大冲,单间 ,大冲新城花园,680,60,次卧(2室), 大冲新城花园 2室1厅1卫 次卧 南,https://short.58.com/zd_p/414ed4c2-acf8-4589-8d0d-176fa4ff9ec4/?target=fh-16-xgk_ephv_57536692036472q-feykn&end=end&shangquan=dachong&shangquanId=6102&dataSource=1
42,惠州,整租 ,华润小径湾,5000,93,2室1厅1卫, 华润小径湾 2室1厅1卫,https://short.58.com/zd_p/212cb6f6-76ed-4b58-8491-1137ce820aa8/?target=fh-16-xgk_hvimob_57897444094074q-feykn&end=end&shangquan=huizhouszzb&shangquanId=117096&dataSource=1
43,横岗,整租 ,卓然居,1500,31,1室0厅1卫, 卓然居 1室0厅1卫,https://short.58.com/zd_p/e240230f-6828-4740-8335-1881115af0ab/?target=fh-16-xgk_hvimob_57380299716059q-feykn&end=end&shangquan=henggang&shangquanId=1856&dataSource=1
44,丹竹头,单间 ,丹平小区,780,18,主卧(1室), 丹平小区 1室0厅1卫 主卧 南,https://short.58.com/zd_p/46703f2e-5859-4b21-91ba-a86962b8bd4e/?target=fh-16-xgk_ephv_57892186706630q-feykn&end=end&shangquan=szshawan&shangquanId=12817&dataSource=1
45,公明,整租 ,合水口村,2000,140,3室1厅1卫, 合水口村 3室1厅1卫,https://short.58.com/zd_p/3005bf92-0dc5-49e7-a421-41dd0a92121b/?target=fh-16-xgk_hvimob_57539356322137q-feykn&end=end&shangquan=gongmingsz&shangquanId=112573&dataSource=1
46,人民南,整租 ,高嘉大厦距9号线文锦地铁站步行71m,2800,33,1室1厅1卫, 高嘉大厦 1室1厅1卫,https://short.58.com/zd_p/2bcde943-aa79-4697-a8da-9c35fa2431e2/?target=fh-16-xgk_hvimob_57330243876013q-feykn&end=end&shangquan=renminnan&shangquanId=2678&dataSource=1
47,南岭,整租 ,黄金豪庭(龙岗)距3号线丹竹头地铁站步行1255m,1900,42,1室1厅1卫, 黄金豪庭(龙岗) 1室1厅1卫,https://short.58.com/zd_p/375ff896-8f4a-44c5-a810-d5034a5a1ab3/?target=fh-16-xgk_hvimob_57532582709387q-feykn&end=end&shangquan=sznl&shangquanId=15551&dataSource=1
48,东门,单间 ,深运大厦,3000,15,主卧(1室), 深运大厦 1室0厅1卫 主卧,https://short.58.com/zd_p/5af5f7fe-4e5d-4bce-b2ae-cd4b0eff8fcc/?target=fh-16-xgk_ephv_57895115940803q-feykn&end=end&shangquan=dongmen&shangquanId=1826&dataSource=1
49,平湖,整租 ,花半里欣悦广场,1400,30,1室1厅1卫, 花半里欣悦广场 1室1厅1卫,https://short.58.com/zd_p/750e17ac-e4b6-4b99-87ba-00b872e46a0e/?target=fh-16-xgk_hvimob_57865170127831q-feykn&end=end&shangquan=szpinghu&shangquanId=11916&dataSource=1
50,龙华区政府,整租 ,富联二区距4号线清湖地铁站步行1262m,1100,22,1室0厅1卫, 富联二区 1室0厅1卫,https://short.58.com/zd_p/8e3470a5-36a5-45c2-b067-b8d898464e41/?target=fh-16-xgk_hvimob_57537823196208q-feykn&end=end&shangquan=lhqzfsz&shangquanId=116835&dataSource=1
51,横岗,整租 ,保成泰八达产业园距3号线塘坑地铁站步行503m,1980,45,1室1厅1卫, 保成泰八达产业园 1室1厅1卫,https://sz.58.com/zufang/41372681516070x.shtml?houseId=1373661549995021&shangquan=henggang&shangquanId=1856&dataSource=0
52,新洲,整租 ,嘉葆润金座距7号线沙尾地铁站步行734m,7000,60,2室1厅1卫, 嘉葆润金座 2室1厅1卫,https://sz.58.com/zufang/41416603221264x.shtml?houseId=1379283528342530&shangquan=szxinzhou&shangquanId=2670&dataSource=0
53,惠州,整租 ,雅庭居,1800,98,3室2厅1卫, 雅庭居 3室2厅1卫,https://sz.58.com/zufang/41431057505190x.shtml?houseId=1381133676665866&shangquan=huizhouszzb&shangquanId=117096&dataSource=0
54,前海,整租 ,阳光花地苑,6800,64,2室1厅1卫, 阳光花地苑 2室1厅1卫,https://sz.58.com/zufang/37533985058441x.shtml?houseId=882308403617793&shangquan=qianhai&shangquanId=2685&dataSource=0
55,民治,单间 ,书香门第上河坊,2000,25,次卧(5室), 书香门第上河坊 5室2厅2卫 次卧 南,https://sz.58.com/hezu/41306117470350x.shtml?houseId=1365141352275974&shangquan=minzhi&shangquanId=6145&dataSource=0
56,清湖,单间 ,幸福城(二期),1800,11,次卧(6室), 幸福城(二期) 6室2厅2卫 次卧 南,https://sz.58.com/hezu/41404083549210x.shtml?houseId=1377681010154503&shangquan=qhsz&shangquanId=116836&dataSource=0
57,蔡屋围,整租 ,幸福华府距9号线红岭地铁站步行518m,4200,45,1室1厅1卫, 幸福华府 1室1厅1卫,https://sz.58.com/zufang/41237488270724x.shtml?houseId=1356356814480384&shangquan=caiwuwei&shangquanId=2679&dataSource=0
58,民治,整租 ,龙光玖钻距4号线红山地铁站步行538m,6500,50,2室1厅1卫, 龙光玖钻 2室 1厅1卫,https://sz.58.com/zufang/41394534675596x.shtml?houseId=1376458753350661&shangquan=minzhi&shangquanId=6145&dataSource=0
59,坂田,整租 ,大发埔村距5号线五和地铁站步行736m,1600,30,1室0厅1卫, 大发埔村 1室0厅1卫,https://sz.58.com/zufang/41431040540931x.shtml?houseId=1381131505263626&shangquan=bantianq&shangquanId=2688&dataSource=0
60,丹竹头,整租 ,时光里距3号线丹竹头地铁站步行275m,900,18,1室0厅1卫, 时光里 1室0厅1卫,https://short.58.com/zd_p/13bfab67-0586-4e88-8314-a36ebc5d239c/?target=fh-16-xgk_hvimob_57542702212459q-feykn&end=end&shangquan=szshawan&shangquanId=12817&dataSource=1
61,美丽365花园,整租 ,富联一区距4号线清湖地铁站步行503m,1500,26,1室0厅1卫, 富联一区 1室0厅1卫,https://short.58.com/zd_p/5c943d8b-cea1-4ba4-944d-f155546812bd/?target=fh-16-xgk_hvimob_57823048904110q-feykn&end=end&shangquan=meilihy&shangquanId=14559&dataSource=1
62,沙尾,单间 ,沙尾西村,1400,20,主卧(3室), 沙尾西村 3室1厅1卫 主卧 南,https://short.58.com/zd_p/72a81e19-5d6e-4791-8275-f52afff42b9b/?target=fh-16-xgk_ephv_54685931189438q-feykn&end=end&shangquan=shawei&shangquanId=6092&dataSource=1
63,龙华,整租 ,警备区龙华公寓,3200,70,2室1厅1卫, 警备区龙华公寓 2室1厅1卫,https://short.58.com/zd_p/ed13ec54-ad16-440f-899c-6e17863134ea/?target=fh-16-xgk_hvimob_57832153472037q-feykn&end=end&shangquan=longhua&shangquanId=1850&dataSource=1
64,龙华区政府,整租 ,富联二区距4号线清湖地铁站步行1262m,1450,30,1室0厅1卫, 富联二区 1室0厅1卫,https://short.58.com/zd_p/9c24f425-3967-48c5-a4b3-4d218724903f/?target=fh-16-xgk_hvimob_57537518037945q-feykn&end=end&shangquan=lhqzfsz&shangquanId=116835&dataSource=1
65,西丽,单间 ,嘉兴苑,1700,20,其他(4室), 嘉兴苑 4室2厅1卫 其他 东,https://short.58.com/zd_p/c09c4721-99a6-4da2-80fc-4afe5db4dec2/?target=fh-16-xgk_ephv_57570952641425q-feykn&end=end&shangquan=xililu&shangquanId=1841&dataSource=1
66,大浪,单间 ,龙泉信息科技园,600,25,主卧(1室), 龙泉信息科技园 1室1厅1卫 主卧 南,https://short.58.com/zd_p/54750132-8d02-4538-a1d0-9eb7ce00a05b/?target=fh-16-xgk_ephv_57828191459644q-feykn&end=end&shangquan=szdl&shangquanId=18232&dataSource=1
67,坂田,整租 ,大发埔东村六巷7号小区距5号线五和地铁站步行1194m,1300,25,1室0厅1卫, 大发埔东村六巷7号小区 1室0厅1卫,https://short.58.com/zd_p/26bc9c96-fd9d-4cfb-8eec-6da8ae55f357/?target=fh-16-xgk_hvimob_57868198109722q-feykn&end=end&shangquan=bantianq&shangquanId=2688&dataSource=1
68,龙华,整租 ,新城市花园,700,26,1室0厅1卫, 新城市花园 1室0厅1卫,https://short.58.com/zd_p/cce59908-2cd9-42d1-8ca7-ce01f8eea866/?target=fh-16-xgk_hvimob_57831862850468q-feykn&end=end&shangquan=longhua&shangquanId=1850&dataSource=1
69,东门,单间 ,深运大厦,3800,30,主卧(1室), 深运大厦 1室0厅1卫 主卧 南,https://short.58.com/zd_p/509606e0-7b52-4dc8-84fd-d879f434ce20/?target=fh-16-xgk_ephv_57895936911896q-feykn&end=end&shangquan=dongmen&shangquanId=1826&dataSource=1
70,龙华区政府,整租 ,马坜老二村,1500,30,1室1厅1卫, 马坜老二村 1室1厅1卫,https://short.58.com/zd_p/299d2484-8232-4d26-8af2-2f578455889c/?target=fh-16-xgk_hvimob_57816051904181q-feykn&end=end&shangquan=lhqzfsz&shangquanId=116835&dataSource=1
71,人民南,整租 ,高嘉大厦距9号线文锦地铁站步行71m,2800,33,1室1厅1卫, 高嘉大厦 1室1厅1卫,https://short.58.com/zd_p/28707c0f-1e73-4e14-9831-d4a8c48e4458/?target=fh-16-xgk_hvimob_57330243876013q-feykn&end=end&shangquan=renminnan&shangquanId=2678&dataSource=1
72,前海,整租 ,观峰阁距5号线荔湾地铁站步行286m,7000,77,3室0厅3卫, 观峰阁 3室0厅3卫,https://sz.58.com/zufang/40190688929055x.shtml?houseId=1222366498741248&shangquan=qianhai&shangquanId=2685&dataSource=0
73,新洲,整租 ,嘉洲华苑距7号线上沙地铁站步行1401m,8300,84,4室1厅1卫, 嘉洲华苑 4室1厅1卫,https://sz.58.com/zufang/41431058968221x.shtml?houseId=1381133863836676&shangquan=szxinzhou&shangquanId=2670&dataSource=0
74,横岗,整租 ,丹竹头岭背东距3号线丹竹头地铁站步行386m,1850,30,1室1厅1卫, 丹竹头岭背东 1室1厅1卫,https://sz.58.com/zufang/41430861370907x.shtml?houseId=1381108571414535&shangquan=henggang&shangquanId=1856&dataSource=0
75,东门,单间 ,深运大厦,3000,15,主卧(1室), 深运大厦 1室0厅1卫 主卧,https://short.58.com/zd_p/17849600-1142-4003-b581-fd2336e5fb78/?target=fh-16-xgk_ephv_57895115940803q-feykn&end=end&shangquan=dongmen&shangquanId=1826&dataSource=1
76,平湖,整租 ,同创新作,3300,40,2室1厅1卫, 同创新作 2室1厅1卫,https://short.58.com/zd_p/dd99bfcc-846b-49a8-a25a-809c1a71060e/?target=fh-16-xgk_hvimob_87522352236754q-feykn&end=end&shangquan=szpinghu&shangquanId=11916&dataSource=1
77,丹竹头,单间 ,丹平小区,780,18,主卧(1室), 丹平小区 1室0厅1卫 主卧 南,https://short.58.com/zd_p/c3e421ee-c858-4991-a671-3532ec0e451b/?target=fh-16-xgk_ephv_57892186706630q-feykn&end=end&shangquan=szshawan&shangquanId=12817&dataSource=1
78,西丽,单间 ,留仙茗苑,1000,15,次卧(5室), 留仙茗苑 5室1厅1卫 次卧 朝南北,https://short.58.com/zd_p/4fa29b87-ec8e-4f6f-8227-b61a96b4fe81/?target=fh-16-xgk_ephv_57894793464369q-feykn&end=end&shangquan=xililu&shangquanId=1841&dataSource=1
79,沙井,整租 ,塘尾九区距11号线塘尾地铁站步行1312m,1200,40,2室1厅1卫, 塘尾九区 2室1厅1卫,https://short.58.com/zd_p/1955256f-028d-487e-b8ca-836d169e959c/?target=fh-16-xgk_hvimob_57789934569718q-feykn&end=end&shangquan=shajing&shangquanId=1846&dataSource=1
80,观澜,整租 ,科苑观澜,3700,98,3室2厅2卫, 科苑观澜 3室2厅2卫,https://short.58.com/zd_p/3f20dc60-7c5c-4fe1-af26-12758c54e9ae/?target=fh-16-xgk_hvimob_57857609564178q-feykn&end=end&shangquan=guanlansz&shangquanId=6177&dataSource=1
81,大浪,整租 ,茶角坎二区,900,25,1室0厅1卫, 茶角坎二区 1室 0厅1卫,https://short.58.com/zd_p/d8b476e0-16e2-4d66-b4bc-b09169eaf441/?target=fh-16-xgk_hvimob_57545015380262q-feykn&end=end&shangquan=szdl&shangquanId=18232&dataSource=1
82,大运,整租 ,阳光天健城,6500,138,3室2厅2卫, 阳光天健城 3室2厅2卫,https://short.58.com/zd_p/6f43d049-0f43-4532-a233-182a01268a71/?target=fh-16-xgk_hvimob_57541005773902q-feykn&end=end&shangquan=dayunxc&shangquanId=14731&dataSource=1
83,香蜜湖,单间 ,特发小区,1750,9,主卧(6室), 特发小区 6室2厅2卫 主卧 南,https://short.58.com/zd_p/5cdd4a49-2b68-4cb6-8415-c7cd42c1ff79/?target=fh-16-xgk_ephv_82441212407178q-feykn&end=end&shangquan=xiangmihu&shangquanId=2579&dataSource=1
84,宝安中心区,整租 ,富源花园距5号线翻身地铁站步行556m,2400,40,1室1厅1卫, 富源花园 1室1厅1卫,https://sz.58.com/zufang/41431042629015x.shtml?houseId=1381131772648456&shangquan=baoanzhongxinquba&shangquanId=6150&dataSource=0
85,民治,整租 ,红山6979距4号线红山地铁站步行925m,1650,25,1室0厅1卫, 红山6979 1室0厅1卫,https://sz.58.com/zufang/41431471156737x.shtml?houseId=1381186623987727&shangquan=minzhi&shangquanId=6145&dataSource=0
86,龙华中心区,整租 ,集瑞楼一区距4号线龙华地铁站步行1321m,2300,45,2室1厅1卫, 集瑞楼一区 2室1厅1卫,https://sz.58.com/zufang/41431469106464x.shtml?houseId=1381186361875465&shangquan=szlhzxq&shangquanId=18231&dataSource=0
87,龙华,整租 ,特发和平里(一期)距4号线龙胜地铁站步行473m,7000,95,3室1厅1卫, 特发和平里(一期) 3室1厅1卫,https://sz.58.com/zufang/41431476573835x.shtml?houseId=1381187317424137&shangquan=longhua&shangquanId=1850&dataSource=0
88,桥头,整租 ,大洋花园距11号线桥头地铁站步行643m,1150,39,1室0厅1卫, 大洋花园 1室0厅1卫,https://sz.58.com/zufang/41409886826628x.shtml?houseId=1378423829732365&shangquan=qiaots&shangquanId=118580&dataSource=0
89,新安,整租 ,上合花园距5号线洪浪北地铁站步行1150m,1680,38,1室0厅1卫, 上合花园 1室0厅1卫,https://sz.58.com/zufang/41350388148899x.shtml?houseId=1370807995718656&shangquan=xinanlu&shangquanId=1842&dataSource=0
90,福田中心区,单间 ,沙嘴二坊171号小区,1150,10,其他(1室), 沙嘴二坊171号小区 1室1厅1卫 其他 南,https://sz.58.com/hezu/41398141341698x.shtml?houseId=1376920407677963&shangquan=ftzxsz&shangquanId=116833&dataSource=0
91,横岗,整租 ,振业城(北区)距3号线六约地铁站步行1135m,1500,20,1室0厅1卫, 振业城(北区) 1室0厅1卫,https://sz.58.com/zufang/41431437350669x.shtml?houseId=1381182296712206&shangquan=henggang&shangquanId=1856&dataSource=0
92,翠竹,整租 ,阳光绿地家园距5号线怡景地铁站步行857m,4000,40,1室1厅1卫, 阳光绿地家园 1室1厅1卫,https://sz.58.com/zufang/41384926807299x.shtml?houseId=1375228947259398&shangquan=cuizhu&shangquanId=1827&dataSource=0
93,横岗,整租 ,松柏路121号小区距3号线横岗地铁站步行454m,2400,90,2室1厅1卫, 松柏路121号小区 2室1厅1卫,https://sz.58.com/zufang/41438461814685x.shtml?houseId=1382081428184068&shangquan=henggang&shangquanId=1856&dataSource=0
94,龙华中心区,整租 ,弓村二区距4号线清湖地铁站步行1282m,2300,58,2室1厅1卫, 弓村二区 2室1厅1卫,https://sz.58.com/zufang/41438443840801x.shtml?houseId=1382079127773191&shangquan=szlhzxq&shangquanId=18231&dataSource=0
95,坪山,整租 ,德昌东街,1080,80,2室1厅1卫, 德昌东街 2室1厅1卫,https://sz.58.com/zufang/39229136519562x.shtml?houseId=1099287790952448&shangquan=pingsh&shangquanId=14724&dataSource=0
96,龙华,整租 ,鸿荣源壹成中心花园距4号线龙华地铁站步行837m,8050,100,4室1厅2卫, 鸿荣源壹成中心花园 4室1厅2卫,https://sz.58.com/zufang/41394285467399x.shtml?houseId=1376426855687172&shangquan=longhua&shangquanId=1850&dataSource=0
97,西乡,整租 ,固戍塘西新村距1号线固戍地铁站步行837m,2680,60,2室1厅1卫, 固戍塘西新村 2室1厅1卫,https://sz.58.com/zufang/41352568125193x.shtml?houseId=1371087036015620&shangquan=xixiangsz&shangquanId=6151&dataSource=0
98,民治,整租 ,金地梅陇镇,6000,90,3室2厅2卫, 金地梅陇镇 3室 2厅2卫,https://sz.58.com/zufang/41360757055014x.shtml?houseId=1372135219060744&shangquan=minzhi&shangquanId=6145&dataSource=0
99,白石洲,单间 ,白石洲建行宿舍,700,35,主卧(2室), 白石洲建行宿舍 2室1厅1卫 主卧 南,https://sz.58.com/hezu/41034622995219x.shtml?houseId=1330390059162631&shangquan=baishizhou&shangquanId=6101&dataSource=0
100,观澜,整租 ,珑门,4300,82,3室2厅2卫, 珑门 3室2厅2卫,https://sz.58.com/zufang/36828062957849x.shtml?houseId=869661368997888&shangquan=guanlansz&shangquanId=6177&dataSource=0
101,美丽365花园,单间 ,美丽365花园,1600,19,次卧(4室), 美丽365花园 4室1厅2卫 次卧 南,https://sz.58.com/hezu/41436039247908x.shtml?houseId=1381771339489292&shangquan=meilihy&shangquanId=14559&dataSource=0
102,坪地,整租 ,西湖塘哑福园,650,40,1室1厅1卫, 西湖塘哑福园 1室1厅1卫,https://sz.58.com/zufang/41439364828034x.shtml?houseId=1382197013864462&shangquan=pingdi&shangquanId=11919&dataSource=0
103,流塘,整租 ,新安上川村距5号线洪浪北地铁站步行1016m,1850,30,1室0厅1卫, 新安上川村 1室0厅1卫,https://sz.58.com/zufang/41393157618467x.shtml?houseId=1376282491247618&shangquan=ltszs&shangquanId=118585&dataSource=0
104,民治,整租 ,润达圆庭距4号线红山地铁站步行656m,3045,35,1室1厅1卫, 润达圆庭 1室1厅1卫,https://sz.58.com/zufang/41417471591555x.shtml?houseId=1379394679626762&shangquan=minzhi&shangquanId=6145&dataSource=0
105,人民南,整租 ,广东省银行大厦距9号线人民南地铁站步行154m,8200,90,3室1厅1卫, 广东省银行大厦 3室1厅1卫,https://sz.58.com/zufang/41272481090973x.shtml?houseId=1360835895469056&shangquan=renminnan&shangquanId=2678&dataSource=0
106,坂田,整租 ,阳光第五季距5号线五和地铁站步行1346m,3999,80,3室2厅1卫, 阳光第五季 3室2厅1卫,https://sz.58.com/zufang/41439355053444x.shtml?houseId=1382195763160066&shangquan=bantianq&shangquanId=2688&dataSource=0
107,深圳北站,整租 ,樟坑一区距5号线民治地铁站步行650m,2600,55,2室1厅1卫, 樟坑一区 2室1厅1卫,https://sz.58.com/zufang/41439355058952x.shtml?houseId=1382195763650570&shangquan=szszbz&shangquanId=18233&dataSource=0
108,惠州,整租 ,龙光城,2000,97,3室2厅2卫, 龙光城 3室2厅2卫,https://sz.58.com/zufang/41327587132447x.shtml?houseId=1367889468957704&shangquan=huizhouszzb&shangquanId=117096&dataSource=0
